AdaboostParam,ForestParam,Mean,Std,ElapsedSeconds
1,40,0.945584,0.001078,24.4
1,80,0.945726,0.000435,72.0
1,160,0.946270,0.000885,175.5
1,320,0.946727,0.000760,380.7
1,640,0.946782,0.000648,746.9
2,40,0.947145,0.000660,796.8
2,80,0.947697,0.000362,889.4
2,160,0.947878,0.000704,1069.7
2,320,0.948083,0.000864,1426.2
2,640,0.947980,0.000871,2147.2
4,40,0.947318,0.000667,2242.5
4,80,0.947980,0.000283,2427.4
4,160,0.947641,0.000288,2793.7

